<?xml version="1.0" encoding="UTF-8"?>
<project-private xmlns="http://www.netbeans.org/ns/project-private/1">
    <editor-bookmarks xmlns="http://www.netbeans.org/ns/editor-bookmarks/2" lastBookmarkId="0"/>
    <open-files xmlns="http://www.netbeans.org/ns/projectui-open-files/2">
        <group>
            <file>file:/C:/Users/Avi%20Afrid%20Ridwam/Documents/NetBeansProjects/Travelling_Management_System/src/Traveling_Management_System/singup.java</file>
            <file>file:/C:/Users/Avi%20Afrid%20Ridwam/Documents/NetBeansProjects/Travelling_Management_System/src/Traveling_Management_System/Travel_Management_System.java</file>
            <file>file:/C:/Users/Avi%20Afrid%20Ridwam/Documents/NetBeansProjects/Travelling_Management_System/src/Traveling_Management_System/Login.java</file>
            <file>file:/C:/Users/Avi%20Afrid%20Ridwam/Documents/NetBeansProjects/Travelling_Management_System/src/Traveling_Management_System/recoverpassword.java</file>
            <file>file:/C:/Users/Avi%20Afrid%20Ridwam/Documents/NetBeansProjects/Travelling_Management_System/src/Traveling_Management_System/delete.java</file>
            <file>file:/C:/Users/Avi%20Afrid%20Ridwam/Documents/NetBeansProjects/Travelling_Management_System/src/Traveling_Management_System/mysql_connect.java</file>
            <file>file:/C:/Users/Avi%20Afrid%20Ridwam/Documents/NetBeansProjects/Travelling_Management_System/src/Traveling_Management_System/search.java</file>
        </group>
    </open-files>
</project-private>
